,MAE,RMSE,MAPE,WMAPE
Train,9.456628859669157,24.887590343426517,5.288049873402091,3.7852987684719333
Eval,14.026789800012521,22.960021766164136,8.220805040400283,7.3216814142548365
